Ref,Val,Package,PosX,PosY,Rot,Side
C201,47p,C_0603,165.250000,-235.550000,180.000000,top
C301,0u1F,C_0603,16.000000,-140.250000,180.000000,top
C302,0u1F,CAPC1220X107,17.000000,-123.750000,90.000000,top
C303,2p,C_0603,19.250000,-100.250000,0.000000,top
C304,0u01F,C_0603,8.500000,-99.500000,270.000000,top
C305,0u1F,CAPC1220X107,23.500000,-132.000000,0.000000,top
C306,0u01F,C_0603,11.500000,-104.500000,270.000000,top
C307,0u1F,CAPC1220X107,17.250000,-84.250000,90.000000,top
C308,10p,C_0603,17.500000,-94.250000,180.000000,top
C309,10p,C_0603,17.500000,-133.750000,0.000000,top
C310,0u1F,CAPC1220X107,23.500000,-92.500000,0.000000,top
C311,10p,C_0603,20.750000,-95.750000,0.000000,top
C312,2p,C_0603,24.250000,-126.500000,90.000000,top
C313,DNP,C_0603,24.250000,-87.250000,90.000000,top
C314,0u1F,CAPC1220X107,15.000000,-104.000000,270.000000,top
C315,0u1F,CAPC1220X107,11.000000,-94.500000,90.000000,top
C401,0u1F,C_0603,36.500000,-139.750000,180.000000,top
C402,2p,C_0603,46.250000,-126.500000,270.000000,top
C403,10uF,CP_Elec_5x5.8,30.250000,-151.750000,180.000000,top
C404,0u1F,CAPC1220X107,39.000000,-123.750000,90.000000,top
C405,10uF,CP_Elec_5x5.8,21.000000,-151.750000,0.000000,top
C406,0u1F,CAPC1220X107,45.500000,-132.000000,180.000000,top
C407,2p,C_0603,41.000000,-120.250000,180.000000,top
C408,0u1F,C_0603,29.250000,-99.500000,90.000000,top
C409,0u1F,C_0603,32.500000,-104.500000,90.000000,top
C410,0u1F,CAPC1220X107,39.250000,-104.250000,90.000000,top
C411,2p,C_0603,46.250000,-107.000000,270.000000,top
C412,10p,C_0603,39.500000,-95.750000,180.000000,top
C413,0u1F,CAPC1220X107,45.500000,-112.250000,180.000000,top
C414,10p,C_0603,39.500000,-118.750000,0.000000,top
C415,27p,C_0603,39.500000,-115.750000,180.000000,top
C416,0u1F,CAPC1220X107,39.250000,-84.250000,90.000000,top
C417,27p,C_0603,39.500000,-138.250000,0.000000,top
C418,10p,C_0603,39.500000,-135.250000,180.000000,top
C419,47p,C_0603,46.250000,-87.250000,270.000000,top
C420,0u1F,CAPC1220X107,45.500000,-92.500000,180.000000,top
C421,10p,C_0603,42.500000,-95.750000,0.000000,top
C422,10p,C_0603,42.500000,-115.750000,0.000000,top
C423,2p,C_0603,41.000000,-100.250000,180.000000,top
C424,0u1F,CAPC1220X107,32.000000,-94.500000,90.000000,top
C425,0u1F,CAPC1220X107,35.750000,-102.750000,90.000000,top
C501,4u7F,C_1206,35.250000,-171.800000,180.000000,top
C502,DNP,C_0603,35.750000,-162.500000,180.000000,top
C504,4u7F,C_1206,38.500000,-160.500000,0.000000,top
C506,1nF,C_0603,35.050000,-169.250000,180.000000,top
C601,4u7F,C_1206,24.000000,-171.250000,180.000000,top
C602,4u7F,C_1206,24.000000,-161.500000,180.000000,top
C603,33nF,C_0603,24.250000,-163.750000,180.000000,top
C701,47p,C_0603,169.500000,-235.550000,180.000000,top
C801,0u1F,C_0603,59.000000,-140.250000,180.000000,top
C802,0u1F,CAPC1220X107,60.000000,-123.750000,90.000000,top
C803,2p,C_0603,62.250000,-100.250000,0.000000,top
C804,0u01F,C_0603,51.500000,-99.500000,270.000000,top
C805,0u1F,CAPC1220X107,66.500000,-132.000000,0.000000,top
C806,0u01F,C_0603,54.500000,-104.500000,270.000000,top
C807,0u1F,CAPC1220X107,60.250000,-84.250000,90.000000,top
C808,10p,C_0603,60.500000,-94.250000,180.000000,top
C809,10p,C_0603,60.500000,-133.750000,0.000000,top
C810,0u1F,CAPC1220X107,66.500000,-92.500000,0.000000,top
C811,10p,C_0603,63.750000,-95.750000,0.000000,top
C812,2p,C_0603,67.250000,-126.500000,90.000000,top
C813,DNP,C_0603,67.250000,-87.250000,90.000000,top
C814,0u1F,CAPC1220X107,58.000000,-104.000000,270.000000,top
C815,0u1F,CAPC1220X107,54.000000,-94.500000,90.000000,top
C901,0u1F,C_0603,79.500000,-139.750000,180.000000,top
C902,2p,C_0603,89.250000,-126.500000,270.000000,top
C903,10uF,CP_Elec_5x5.8,73.250000,-151.750000,180.000000,top
C904,0u1F,CAPC1220X107,82.000000,-123.750000,90.000000,top
C905,10uF,CP_Elec_5x5.8,64.000000,-151.750000,0.000000,top
C906,0u1F,CAPC1220X107,88.500000,-132.000000,180.000000,top
C907,2p,C_0603,84.000000,-120.250000,180.000000,top
C908,0u1F,C_0603,72.250000,-99.500000,90.000000,top
C909,0u1F,C_0603,75.500000,-104.500000,90.000000,top
C910,0u1F,CAPC1220X107,82.250000,-104.250000,90.000000,top
C911,2p,C_0603,89.250000,-107.000000,270.000000,top
C912,10p,C_0603,82.500000,-95.750000,180.000000,top
C913,0u1F,CAPC1220X107,88.500000,-112.250000,180.000000,top
C914,10p,C_0603,82.500000,-118.750000,0.000000,top
C915,27p,C_0603,82.500000,-115.750000,180.000000,top
C916,0u1F,CAPC1220X107,82.250000,-84.250000,90.000000,top
C917,27p,C_0603,82.500000,-138.250000,0.000000,top
C918,10p,C_0603,82.500000,-135.250000,180.000000,top
C919,47p,C_0603,89.250000,-87.250000,270.000000,top
C920,0u1F,CAPC1220X107,88.500000,-92.500000,180.000000,top
C921,10p,C_0603,85.500000,-95.750000,0.000000,top
C922,10p,C_0603,85.500000,-115.750000,0.000000,top
C923,2p,C_0603,84.000000,-100.250000,180.000000,top
C924,0u1F,CAPC1220X107,75.000000,-94.500000,90.000000,top
C925,0u1F,CAPC1220X107,78.750000,-102.750000,90.000000,top
C1001,4u7F,C_1206,78.200000,-171.800000,180.000000,top
C1002,DNP,C_0603,78.750000,-162.500000,180.000000,top
C1004,4u7F,C_1206,81.500000,-160.500000,0.000000,top
C1006,1nF,C_0603,78.100000,-169.250000,180.000000,top
C1101,4u7F,C_1206,67.100000,-171.200000,180.000000,top
C1102,4u7F,C_1206,67.000000,-161.500000,180.000000,top
C1103,33nF,C_0603,67.250000,-163.750000,180.000000,top
C1201,47p,C_0603,173.500000,-235.550000,180.000000,top
C1301,0u1F,C_0603,102.000000,-140.250000,180.000000,top
C1302,0u1F,CAPC1220X107,103.000000,-123.750000,90.000000,top
C1303,2p,C_0603,105.250000,-100.250000,0.000000,top
C1304,0u01F,C_0603,94.500000,-99.500000,270.000000,top
C1305,0u1F,CAPC1220X107,109.500000,-132.000000,0.000000,top
C1306,0u01F,C_0603,97.500000,-104.500000,270.000000,top
C1307,0u1F,CAPC1220X107,103.250000,-84.250000,90.000000,top
C1308,10p,C_0603,103.500000,-94.250000,180.000000,top
C1309,10p,C_0603,103.500000,-133.750000,0.000000,top
C1310,0u1F,CAPC1220X107,109.500000,-92.500000,0.000000,top
C1311,10p,C_0603,106.750000,-95.750000,0.000000,top
C1312,2p,C_0603,110.250000,-126.500000,90.000000,top
C1313,DNP,C_0603,110.250000,-87.250000,90.000000,top
C1314,0u1F,CAPC1220X107,101.000000,-104.000000,270.000000,top
C1315,0u1F,CAPC1220X107,97.000000,-94.500000,90.000000,top
C1401,0u1F,C_0603,122.500000,-139.750000,180.000000,top
C1402,2p,C_0603,132.250000,-126.500000,270.000000,top
C1403,10uF,CP_Elec_5x5.8,116.250000,-151.750000,180.000000,top
C1404,0u1F,CAPC1220X107,125.000000,-123.750000,90.000000,top
C1405,10uF,CP_Elec_5x5.8,107.000000,-151.750000,0.000000,top
C1406,0u1F,CAPC1220X107,131.500000,-132.000000,180.000000,top
C1407,2p,C_0603,127.000000,-120.250000,180.000000,top
C1408,0u1F,C_0603,115.250000,-99.500000,90.000000,top
C1409,0u1F,C_0603,118.500000,-104.500000,90.000000,top
C1410,0u1F,CAPC1220X107,125.250000,-104.250000,90.000000,top
C1411,2p,C_0603,132.250000,-107.000000,270.000000,top
C1412,10p,C_0603,125.500000,-95.750000,180.000000,top
C1413,0u1F,CAPC1220X107,131.500000,-112.250000,180.000000,top
C1414,10p,C_0603,125.500000,-118.750000,0.000000,top
C1415,27p,C_0603,125.500000,-115.750000,180.000000,top
C1416,0u1F,CAPC1220X107,125.250000,-84.250000,90.000000,top
C1417,27p,C_0603,125.500000,-138.250000,0.000000,top
C1418,10p,C_0603,125.500000,-135.250000,180.000000,top
C1419,47p,C_0603,132.250000,-87.250000,270.000000,top
C1420,0u1F,CAPC1220X107,131.500000,-92.500000,180.000000,top
C1421,10p,C_0603,128.500000,-95.750000,0.000000,top
C1422,10p,C_0603,128.500000,-115.750000,0.000000,top
C1423,2p,C_0603,127.000000,-100.250000,180.000000,top
C1424,0u1F,CAPC1220X107,118.000000,-94.500000,90.000000,top
C1425,0u1F,CAPC1220X107,121.750000,-102.750000,90.000000,top
C1501,4u7F,C_1206,121.200000,-171.800000,180.000000,top
C1502,DNP,C_0603,121.750000,-162.500000,180.000000,top
C1504,4u7F,C_1206,124.500000,-160.500000,0.000000,top
C1506,1nF,C_0603,121.100000,-169.250000,180.000000,top
C1601,4u7F,C_1206,110.100000,-171.200000,180.000000,top
C1602,4u7F,C_1206,110.000000,-161.500000,180.000000,top
C1603,33nF,C_0603,110.250000,-163.750000,180.000000,top
C1701,47p,C_0603,177.750000,-235.550000,180.000000,top
C1801,0u1F,C_0603,145.000000,-140.250000,180.000000,top
C1802,0u1F,CAPC1220X107,146.000000,-123.750000,90.000000,top
C1803,2p,C_0603,148.250000,-100.250000,0.000000,top
C1804,0u01F,C_0603,137.500000,-99.500000,270.000000,top
C1805,0u1F,CAPC1220X107,152.500000,-132.000000,0.000000,top
C1806,0u01F,C_0603,140.500000,-104.500000,270.000000,top
C1807,0u1F,CAPC1220X107,146.250000,-84.250000,90.000000,top
C1808,10p,C_0603,146.500000,-94.250000,180.000000,top
C1809,10p,C_0603,146.500000,-133.750000,0.000000,top
C1810,0u1F,CAPC1220X107,152.500000,-92.500000,0.000000,top
C1811,10p,C_0603,149.750000,-95.750000,0.000000,top
C1812,2p,C_0603,153.250000,-126.500000,90.000000,top
C1813,DNP,C_0603,153.250000,-87.250000,90.000000,top
C1814,0u1F,CAPC1220X107,144.000000,-104.000000,270.000000,top
C1815,0u1F,CAPC1220X107,140.000000,-94.500000,90.000000,top
C1901,0u1F,C_0603,165.500000,-139.750000,180.000000,top
C1902,2p,C_0603,175.250000,-126.500000,270.000000,top
C1903,10uF,CP_Elec_5x5.8,159.250000,-151.750000,180.000000,top
C1904,0u1F,CAPC1220X107,168.000000,-123.750000,90.000000,top
C1905,10uF,CP_Elec_5x5.8,150.000000,-151.750000,0.000000,top
C1906,0u1F,CAPC1220X107,174.500000,-132.000000,180.000000,top
C1907,2p,C_0603,170.000000,-120.250000,180.000000,top
C1908,0u1F,C_0603,158.250000,-99.500000,90.000000,top
C1909,0u1F,C_0603,161.500000,-104.500000,90.000000,top
C1910,0u1F,CAPC1220X107,168.250000,-104.250000,90.000000,top
C1911,2p,C_0603,175.250000,-107.000000,270.000000,top
C1912,10p,C_0603,168.500000,-95.750000,180.000000,top
C1913,0u1F,CAPC1220X107,174.500000,-112.250000,180.000000,top
C1914,10p,C_0603,168.500000,-118.750000,0.000000,top
C1915,27p,C_0603,168.500000,-115.750000,180.000000,top
C1916,0u1F,CAPC1220X107,168.250000,-84.250000,90.000000,top
C1917,27p,C_0603,168.500000,-138.250000,0.000000,top
C1918,10p,C_0603,168.500000,-135.250000,180.000000,top
C1919,47p,C_0603,175.250000,-87.250000,270.000000,top
C1920,0u1F,CAPC1220X107,174.500000,-92.500000,180.000000,top
C1921,10p,C_0603,171.500000,-95.750000,0.000000,top
C1922,10p,C_0603,171.500000,-115.750000,0.000000,top
C1923,2p,C_0603,170.000000,-100.250000,180.000000,top
C1924,0u1F,CAPC1220X107,161.000000,-94.500000,90.000000,top
C1925,0u1F,CAPC1220X107,164.750000,-102.750000,90.000000,top
C2001,4u7F,C_1206,164.200000,-171.800000,180.000000,top
C2002,DNP,C_0603,164.750000,-162.500000,180.000000,top
C2004,4u7F,C_1206,167.500000,-160.500000,0.000000,top
C2006,1nF,C_0603,164.100000,-169.250000,180.000000,top
C2101,4u7F,C_1206,153.100000,-171.200000,180.000000,top
C2102,4u7F,C_1206,153.000000,-161.500000,180.000000,top
C2103,33nF,C_0603,153.250000,-163.750000,180.000000,top
C2201,47p,C_0603,181.750000,-235.550000,180.000000,top
C2301,0u1F,C_0603,188.000000,-140.250000,180.000000,top
C2302,0u1F,CAPC1220X107,189.000000,-123.750000,90.000000,top
C2303,2p,C_0603,191.250000,-100.250000,0.000000,top
C2304,0u01F,C_0603,180.500000,-99.500000,270.000000,top
C2305,0u1F,CAPC1220X107,195.500000,-132.000000,0.000000,top
C2306,0u01F,C_0603,183.500000,-104.500000,270.000000,top
C2307,0u1F,CAPC1220X107,189.250000,-84.250000,90.000000,top
C2308,10p,C_0603,189.500000,-94.250000,180.000000,top
C2309,10p,C_0603,189.500000,-133.750000,0.000000,top
C2310,0u1F,CAPC1220X107,195.500000,-92.500000,0.000000,top
C2311,10p,C_0603,192.750000,-95.750000,0.000000,top
C2312,2p,C_0603,196.250000,-126.500000,90.000000,top
C2313,DNP,C_0603,196.250000,-87.250000,90.000000,top
C2314,0u1F,CAPC1220X107,187.000000,-104.000000,270.000000,top
C2315,0u1F,CAPC1220X107,183.000000,-94.500000,90.000000,top
C2401,0u1F,C_0603,208.500000,-139.750000,180.000000,top
C2402,2p,C_0603,218.250000,-126.500000,270.000000,top
C2403,10uF,CP_Elec_5x5.8,202.250000,-151.750000,180.000000,top
C2404,0u1F,CAPC1220X107,211.000000,-123.750000,90.000000,top
C2405,10uF,CP_Elec_5x5.8,193.000000,-151.750000,0.000000,top
C2406,0u1F,CAPC1220X107,217.500000,-132.000000,180.000000,top
C2407,2p,C_0603,213.000000,-120.250000,180.000000,top
C2408,0u1F,C_0603,201.250000,-99.500000,90.000000,top
C2409,0u1F,C_0603,204.500000,-104.500000,90.000000,top
C2410,0u1F,CAPC1220X107,211.250000,-104.250000,90.000000,top
C2411,2p,C_0603,218.250000,-107.000000,270.000000,top
C2412,10p,C_0603,211.500000,-95.750000,180.000000,top
C2413,0u1F,CAPC1220X107,217.500000,-112.250000,180.000000,top
C2414,10p,C_0603,211.500000,-118.750000,0.000000,top
C2415,27p,C_0603,211.500000,-115.750000,180.000000,top
C2416,0u1F,CAPC1220X107,211.250000,-84.250000,90.000000,top
C2417,27p,C_0603,211.500000,-138.250000,0.000000,top
C2418,10p,C_0603,211.500000,-135.250000,180.000000,top
C2419,47p,C_0603,218.250000,-87.250000,270.000000,top
C2420,0u1F,CAPC1220X107,217.500000,-92.500000,180.000000,top
C2421,10p,C_0603,214.500000,-95.750000,0.000000,top
C2422,10p,C_0603,214.500000,-115.750000,0.000000,top
C2423,2p,C_0603,213.000000,-100.250000,180.000000,top
C2424,0u1F,CAPC1220X107,204.000000,-94.500000,90.000000,top
C2425,0u1F,CAPC1220X107,207.750000,-102.750000,90.000000,top
C2501,4u7F,C_1206,207.200000,-171.800000,180.000000,top
C2502,DNP,C_0603,207.750000,-162.500000,180.000000,top
C2504,4u7F,C_1206,210.500000,-160.500000,0.000000,top
C2506,1nF,C_0603,207.100000,-169.250000,180.000000,top
C2601,4u7F,C_1206,196.100000,-171.200000,180.000000,top
C2602,4u7F,C_1206,196.000000,-161.500000,180.000000,top
C2603,33nF,C_0603,196.250000,-163.750000,180.000000,top
C2701,47p,C_0603,186.000000,-235.550000,180.000000,top
C2801,0u1F,C_0603,231.000000,-140.250000,180.000000,top
C2802,0u1F,CAPC1220X107,232.000000,-123.750000,90.000000,top
C2803,2p,C_0603,234.250000,-100.250000,0.000000,top
C2804,0u01F,C_0603,223.500000,-99.500000,270.000000,top
C2805,0u1F,CAPC1220X107,238.500000,-132.000000,0.000000,top
C2806,0u01F,C_0603,226.500000,-104.500000,270.000000,top
C2807,0u1F,CAPC1220X107,232.250000,-84.250000,90.000000,top
C2808,10p,C_0603,232.500000,-94.250000,180.000000,top
C2809,10p,C_0603,232.500000,-133.750000,0.000000,top
C2810,0u1F,CAPC1220X107,238.500000,-92.500000,0.000000,top
C2811,10p,C_0603,235.750000,-95.750000,0.000000,top
C2812,2p,C_0603,239.250000,-126.500000,90.000000,top
C2813,DNP,C_0603,239.250000,-87.250000,90.000000,top
C2814,0u1F,CAPC1220X107,230.000000,-104.000000,270.000000,top
C2815,0u1F,CAPC1220X107,226.000000,-94.500000,90.000000,top
C2901,0u1F,C_0603,251.500000,-139.750000,180.000000,top
C2902,2p,C_0603,261.250000,-126.500000,270.000000,top
C2903,10uF,CP_Elec_5x5.8,245.250000,-151.750000,180.000000,top
C2904,0u1F,CAPC1220X107,254.000000,-123.750000,90.000000,top
C2905,10uF,CP_Elec_5x5.8,236.000000,-151.750000,0.000000,top
C2906,0u1F,CAPC1220X107,260.500000,-132.000000,180.000000,top
C2907,2p,C_0603,256.000000,-120.250000,180.000000,top
C2908,0u1F,C_0603,244.250000,-99.500000,90.000000,top
C2909,0u1F,C_0603,247.500000,-104.500000,90.000000,top
C2910,0u1F,CAPC1220X107,254.250000,-104.250000,90.000000,top
C2911,2p,C_0603,261.250000,-107.000000,270.000000,top
C2912,10p,C_0603,254.500000,-95.750000,180.000000,top
C2913,0u1F,CAPC1220X107,260.500000,-112.250000,180.000000,top
C2914,10p,C_0603,254.500000,-118.750000,0.000000,top
C2915,27p,C_0603,254.500000,-115.750000,180.000000,top
C2916,0u1F,CAPC1220X107,254.250000,-84.250000,90.000000,top
C2917,27p,C_0603,254.500000,-138.250000,0.000000,top
C2918,10p,C_0603,254.500000,-135.250000,180.000000,top
C2919,47p,C_0603,261.250000,-87.250000,270.000000,top
C2920,0u1F,CAPC1220X107,260.500000,-92.500000,180.000000,top
C2921,10p,C_0603,257.500000,-95.750000,0.000000,top
C2922,10p,C_0603,257.500000,-115.750000,0.000000,top
C2923,2p,C_0603,256.000000,-100.250000,180.000000,top
C2924,0u1F,CAPC1220X107,247.000000,-94.500000,90.000000,top
C2925,0u1F,CAPC1220X107,250.750000,-102.750000,90.000000,top
C3001,4u7F,C_1206,250.200000,-171.800000,180.000000,top
C3002,DNP,C_0603,250.750000,-162.500000,180.000000,top
C3004,4u7F,C_1206,253.500000,-160.500000,0.000000,top
C3006,1nF,C_0603,250.100000,-169.250000,180.000000,top
C3101,4u7F,C_1206,239.100000,-171.200000,180.000000,top
C3102,4u7F,C_1206,239.000000,-161.500000,180.000000,top
C3103,33nF,C_0603,239.250000,-163.750000,180.000000,top
C3201,47p,C_0603,190.250000,-235.550000,180.000000,top
C3301,0u1F,C_0603,274.000000,-140.250000,180.000000,top
C3302,0u1F,CAPC1220X107,275.000000,-123.750000,90.000000,top
C3303,2p,C_0603,277.250000,-100.250000,0.000000,top
C3304,0u01F,C_0603,266.500000,-99.500000,270.000000,top
C3305,0u1F,CAPC1220X107,281.500000,-132.000000,0.000000,top
C3306,0u01F,C_0603,269.500000,-104.500000,270.000000,top
C3307,0u1F,CAPC1220X107,275.250000,-84.250000,90.000000,top
C3308,10p,C_0603,275.500000,-94.250000,180.000000,top
C3309,10p,C_0603,275.500000,-133.750000,0.000000,top
C3310,0u1F,CAPC1220X107,281.500000,-92.500000,0.000000,top
C3311,10p,C_0603,278.750000,-95.750000,0.000000,top
C3312,2p,C_0603,282.250000,-126.500000,90.000000,top
C3313,DNP,C_0603,282.250000,-87.250000,90.000000,top
C3314,0u1F,CAPC1220X107,273.000000,-104.000000,270.000000,top
C3315,0u1F,CAPC1220X107,269.000000,-94.500000,90.000000,top
C3401,0u1F,C_0603,294.500000,-139.750000,180.000000,top
C3402,2p,C_0603,304.250000,-126.500000,270.000000,top
C3403,10uF,CP_Elec_5x5.8,288.250000,-151.750000,180.000000,top
C3404,0u1F,CAPC1220X107,297.000000,-123.750000,90.000000,top
C3405,10uF,CP_Elec_5x5.8,279.000000,-151.750000,0.000000,top
C3406,0u1F,CAPC1220X107,303.500000,-132.000000,180.000000,top
C3407,2p,C_0603,299.000000,-120.250000,180.000000,top
C3408,0u1F,C_0603,287.250000,-99.500000,90.000000,top
C3409,0u1F,C_0603,290.500000,-104.500000,90.000000,top
C3410,0u1F,CAPC1220X107,297.250000,-104.250000,90.000000,top
C3411,2p,C_0603,304.250000,-107.000000,270.000000,top
C3412,10p,C_0603,297.500000,-95.750000,180.000000,top
C3413,0u1F,CAPC1220X107,303.500000,-112.250000,180.000000,top
C3414,10p,C_0603,297.500000,-118.750000,0.000000,top
C3415,27p,C_0603,297.500000,-115.750000,180.000000,top
C3416,0u1F,CAPC1220X107,297.250000,-84.250000,90.000000,top
C3417,27p,C_0603,297.500000,-138.250000,0.000000,top
C3418,10p,C_0603,297.500000,-135.250000,180.000000,top
C3419,47p,C_0603,304.250000,-87.250000,270.000000,top
C3420,0u1F,CAPC1220X107,303.500000,-92.500000,180.000000,top
C3421,10p,C_0603,300.500000,-95.750000,0.000000,top
C3422,10p,C_0603,300.500000,-115.750000,0.000000,top
C3423,2p,C_0603,299.000000,-100.250000,180.000000,top
C3424,0u1F,CAPC1220X107,290.000000,-94.500000,90.000000,top
C3425,0u1F,CAPC1220X107,293.750000,-102.750000,90.000000,top
C3501,4u7F,C_1206,293.200000,-171.800000,180.000000,top
C3502,DNP,C_0603,293.750000,-162.500000,180.000000,top
C3504,4u7F,C_1206,296.500000,-160.500000,0.000000,top
C3506,1nF,C_0603,293.100000,-169.250000,180.000000,top
C3601,4u7F,C_1206,282.100000,-171.200000,180.000000,top
C3602,4u7F,C_1206,282.000000,-161.500000,180.000000,top
C3603,33nF,C_0603,282.250000,-163.750000,180.000000,top
C3701,47p,C_0603,194.500000,-235.550000,180.000000,top
C3801,0u1F,C_0603,317.000000,-140.250000,180.000000,top
C3802,0u1F,CAPC1220X107,318.000000,-123.750000,90.000000,top
C3803,2p,C_0603,320.250000,-100.250000,0.000000,top
C3804,0u01F,C_0603,309.500000,-99.500000,270.000000,top
C3805,0u1F,CAPC1220X107,324.500000,-132.000000,0.000000,top
C3806,0u01F,C_0603,312.500000,-104.500000,270.000000,top
C3807,0u1F,CAPC1220X107,318.250000,-84.250000,90.000000,top
C3808,10p,C_0603,318.500000,-94.250000,180.000000,top
C3809,10p,C_0603,318.500000,-133.750000,0.000000,top
C3810,0u1F,CAPC1220X107,324.500000,-92.500000,0.000000,top
C3811,10p,C_0603,321.750000,-95.750000,0.000000,top
C3812,2p,C_0603,325.250000,-126.500000,90.000000,top
C3813,DNP,C_0603,325.250000,-87.250000,90.000000,top
C3814,0u1F,CAPC1220X107,316.000000,-104.000000,270.000000,top
C3815,0u1F,CAPC1220X107,312.000000,-94.500000,90.000000,top
C3901,0u1F,C_0603,337.500000,-139.750000,180.000000,top
C3902,2p,C_0603,347.250000,-126.500000,270.000000,top
C3903,10uF,CP_Elec_5x5.8,331.250000,-151.750000,180.000000,top
C3904,0u1F,CAPC1220X107,340.000000,-123.750000,90.000000,top
C3905,10uF,CP_Elec_5x5.8,322.000000,-151.750000,0.000000,top
C3906,0u1F,CAPC1220X107,346.500000,-132.000000,180.000000,top
C3907,2p,C_0603,342.000000,-120.250000,180.000000,top
C3908,0u1F,C_0603,330.250000,-99.500000,90.000000,top
C3909,0u1F,C_0603,333.500000,-104.500000,90.000000,top
C3910,0u1F,CAPC1220X107,340.250000,-104.250000,90.000000,top
C3911,2p,C_0603,347.250000,-107.000000,270.000000,top
C3912,10p,C_0603,340.500000,-95.750000,180.000000,top
C3913,0u1F,CAPC1220X107,346.500000,-112.250000,180.000000,top
C3914,10p,C_0603,340.500000,-118.750000,0.000000,top
C3915,27p,C_0603,340.500000,-115.750000,180.000000,top
C3916,0u1F,CAPC1220X107,340.250000,-84.250000,90.000000,top
C3917,27p,C_0603,340.500000,-138.250000,0.000000,top
C3918,10p,C_0603,340.500000,-135.250000,180.000000,top
C3919,47p,C_0603,347.250000,-87.250000,270.000000,top
C3920,0u1F,CAPC1220X107,346.500000,-92.500000,180.000000,top
C3921,10p,C_0603,343.500000,-95.750000,0.000000,top
C3922,10p,C_0603,343.500000,-115.750000,0.000000,top
C3923,2p,C_0603,342.000000,-100.250000,180.000000,top
C3924,0u1F,CAPC1220X107,333.000000,-94.500000,90.000000,top
C3925,0u1F,CAPC1220X107,336.750000,-102.750000,90.000000,top
C4001,4u7F,C_1206,336.200000,-171.800000,180.000000,top
C4002,DNP,C_0603,336.750000,-162.500000,180.000000,top
C4004,4u7F,C_1206,339.500000,-160.500000,0.000000,top
C4006,1nF,C_0603,336.100000,-169.250000,180.000000,top
C4101,4u7F,C_1206,325.100000,-171.200000,180.000000,top
C4102,4u7F,C_1206,325.000000,-161.500000,180.000000,top
C4103,33nF,C_0603,325.250000,-163.750000,180.000000,top
C4201,C-3TERM,CAP3-4516X100,244.450000,-210.250000,0.000000,top
C4202,C-3TERM,CAP3-4516X100,262.000000,-218.500000,0.000000,top
C4203,4u7F,C_1206,271.500000,-224.000000,180.000000,top
C4204,4u7F,C_1206,256.760004,-204.663478,180.000000,top
C4401,0u1F,C_0603,49.500000,-214.000000,270.000000,top
C4402,0u1F,C_0603,41.000000,-213.250000,270.000000,top
C4403,C-3TERM,CAP3-4516X100,116.100000,-219.000000,0.000000,top
C4404,0u1F,C_0603,45.250000,-212.250000,0.000000,top
C4405,0u1F,C_0603,44.250000,-222.000000,90.000000,top
C4407,0u1F,C_0603,19.500000,-224.700000,270.000000,top
C4409,0u1F,C_0603,131.750000,-167.000000,90.000000,top
C4410,0u1F,C_0603,57.000000,-233.850000,180.000000,top
C4411,0u1F,C_0603,177.000000,-137.750000,90.000000,top
C4412,0u1F,C_0603,57.000000,-232.100000,180.000000,top
C4413,0u1F,C_0603,278.250000,-220.250000,270.000000,top
C4414,0u1F,C_0603,57.000000,-230.350000,180.000000,top
C4415,0u1F,C_0603,26.550000,-209.850000,90.000000,top
C4416,0u1F,C_0603,57.000000,-228.600000,180.000000,top
D201,BAV99,SOT-23,29.250000,-157.028000,270.000000,top
D701,BAV99,SOT-23,72.250000,-157.028000,0.000000,top
D1201,BAV99,SOT-23,115.250000,-157.028000,0.000000,top
D1701,BAV99,SOT-23,158.250000,-157.028000,0.000000,top
D2201,BAV99,SOT-23,201.250000,-157.028000,0.000000,top
D2701,BAV99,SOT-23,244.250000,-157.028000,0.000000,top
D3201,BAV99,SOT-23,287.250000,-157.028000,0.000000,top
D3701,BAV99,SOT-23,330.250000,-157.028000,0.000000,top
DZ4501,BZX384,SOD-323,180.768000,-180.890480,90.000000,top
F4201,FUSE,Fuse_SMD1206_Reflow,297.796040,-208.500000,180.000000,top
F4202,FUSE,Fuse_SMD1206_Reflow,311.500000,-230.750000,180.000000,top
FB4201,BEAD,FB_2220,271.250000,-218.500000,0.000000,top
FB4202,BEAD,FB_2220,255.250000,-210.250000,0.000000,top
L4201,CMCHOKE-TDK,Choke_Common_Mode_SMD_TDK_ACM9070,252.500000,-222.500000,90.000000,top
L4202,CMCHOKE-TDK,Choke_Common_Mode_SMD_TDK_ACM9070,240.500000,-222.500000,90.000000,top
L4401,CMCHOKE-TDK,Choke_Common_Mode_SMD_TDK_ACM9070,106.500000,-223.250000,90.000000,top
Q4501,BSS123,SOT-23,177.720000,-180.890480,180.000000,top
Q4502,BSS123,SOT-23,184.578000,-184.446480,0.000000,top
R201,1k,R_0603,163.800000,-229.950000,0.000000,top
R202,10k,R_0603,163.950000,-227.150000,0.000000,top
R203,49R9,R_0603,165.250000,-238.750000,180.000000,top
R301,1k,R_0603,14.750000,-148.000000,0.000000,top
R302,1k,R_0603,18.750000,-148.000000,180.000000,top
R303,100k,R_0603,10.000000,-104.500000,270.000000,top
R304,10R,R_0603,19.750000,-134.500000,90.000000,top
R305,10k,R_0603,17.500000,-138.500000,180.000000,top
R306,100k,R_0603,16.250000,-100.250000,180.000000,top
R307,1k,R_0603,17.500000,-98.750000,180.000000,top
R308,499R,R_0603,17.500000,-135.250000,180.000000,top
R309,DNP,R_0603,22.750000,-87.250000,90.000000,top
R310,49R9,R_0603,22.750000,-126.500000,90.000000,top
R311,332R,R_0603,17.500000,-136.750000,180.000000,top
R312,75R,R_0603,17.500000,-97.250000,0.000000,top
R313,332R,R_0603,19.750000,-124.000000,90.000000,top
R314,332R,R_0603,20.000000,-98.000000,90.000000,top
R315,215R,R_0603,20.750000,-101.750000,180.000000,top
R321,499R,R_0603,17.500000,-95.750000,180.000000,top
R331,49R9,R_0603,19.750000,-84.250000,90.000000,top
R401,1k,R_0603,33.000000,-144.500000,0.000000,top
R402,1k,R_0603,33.000000,-142.000000,0.000000,top
R403,10R,R_0603,42.000000,-134.500000,90.000000,top
R404,10k,R_0603,39.500000,-139.750000,0.000000,top
R405,69R8,R_0603,39.500000,-136.750000,0.000000,top
R406,100k,R_0603,31.000000,-104.500000,270.000000,top
R407,499R,R_0603,39.500000,-133.750000,180.000000,top
R408,49R9,R_0603,44.750000,-126.500000,90.000000,top
R409,49R9,R_0603,41.750000,-84.250000,90.000000,top
R410,332R,R_0603,41.750000,-124.000000,90.000000,top
R411,215R,R_0603,42.500000,-121.750000,180.000000,top
R412,1k,R_0603,39.500000,-98.750000,180.000000,top
R413,75R,R_0603,39.500000,-117.250000,180.000000,top
R414,100k,R_0603,38.250000,-100.250000,180.000000,top
R415,332R,R_0603,41.750000,-104.000000,90.000000,top
R416,332R,R_0603,41.750000,-98.000000,90.000000,top
R417,499R,R_0603,39.500000,-114.250000,180.000000,top
R418,49R9,R_0603,44.750000,-107.000000,270.000000,top
R419,332R,R_0603,41.750000,-118.000000,90.000000,top
R420,215R,R_0603,42.500000,-101.750000,180.000000,top
R423,75R,R_0603,39.500000,-97.250000,0.000000,top
R427,499R,R_0603,39.500000,-94.250000,180.000000,top
R428,10R,R_0603,44.500000,-87.250000,270.000000,top
R501,1k,R_0603,35.500000,-178.500000,0.000000,top
R502,0R,R_0603,35.750000,-163.999999,180.000000,top
R503,DNP,R_0603,33.000000,-162.500000,180.000000,top
R504,DNP,R_0603,33.000000,-164.000000,180.000000,top
R601,100k,R_0603,24.250000,-165.250000,180.000000,top
R602,23k,R_0603,21.500000,-163.750000,180.000000,top
R603,23k,R_0603,21.500000,-165.250000,180.000000,top
R701,1k,R_0603,168.000000,-229.950000,0.000000,top
R702,10k,R_0603,168.208895,-227.150000,0.000000,top
R703,49R9,R_0603,169.500000,-238.750000,180.000000,top
R801,1k,R_0603,57.750000,-148.000000,0.000000,top
R802,1k,R_0603,61.750000,-148.000000,180.000000,top
R803,100k,R_0603,53.000000,-104.500000,270.000000,top
R804,10R,R_0603,62.750000,-134.500000,90.000000,top
R805,10k,R_0603,60.500000,-138.500000,180.000000,top
R806,100k,R_0603,59.250000,-100.250000,180.000000,top
R807,1k,R_0603,60.500000,-98.750000,180.000000,top
R808,499R,R_0603,60.500000,-135.250000,180.000000,top
R809,DNP,R_0603,65.750000,-87.250000,90.000000,top
R810,49R9,R_0603,65.750000,-126.500000,90.000000,top
R811,332R,R_0603,60.500000,-136.750000,180.000000,top
R812,75R,R_0603,60.500000,-97.250000,0.000000,top
R813,332R,R_0603,62.750000,-124.000000,90.000000,top
R814,332R,R_0603,63.000000,-98.000000,90.000000,top
R815,215R,R_0603,63.750000,-101.750000,180.000000,top
R821,499R,R_0603,60.500000,-95.750000,180.000000,top
R831,49R9,R_0603,62.750000,-84.250000,90.000000,top
R901,1k,R_0603,76.000000,-144.500000,0.000000,top
R902,1k,R_0603,76.000000,-142.000000,0.000000,top
R903,10R,R_0603,85.000000,-134.500000,90.000000,top
R904,10k,R_0603,82.500000,-139.750000,0.000000,top
R905,69R8,R_0603,82.500000,-136.750000,0.000000,top
R906,100k,R_0603,74.000000,-104.500000,270.000000,top
R907,499R,R_0603,82.500000,-133.750000,180.000000,top
R908,49R9,R_0603,87.750000,-126.500000,90.000000,top
R909,49R9,R_0603,84.750000,-84.250000,90.000000,top
R910,332R,R_0603,84.750000,-124.000000,90.000000,top
R911,215R,R_0603,85.500000,-121.750000,180.000000,top
R912,1k,R_0603,82.500000,-98.750000,180.000000,top
R913,75R,R_0603,82.500000,-117.250000,180.000000,top
R914,100k,R_0603,81.250000,-100.250000,180.000000,top
R915,332R,R_0603,84.750000,-104.000000,90.000000,top
R916,332R,R_0603,84.750000,-98.000000,90.000000,top
R917,499R,R_0603,82.500000,-114.250000,180.000000,top
R918,49R9,R_0603,87.750000,-107.000000,270.000000,top
R919,332R,R_0603,84.750000,-118.000000,90.000000,top
R920,215R,R_0603,85.500000,-101.750000,180.000000,top
R923,75R,R_0603,82.500000,-97.250000,0.000000,top
R927,499R,R_0603,82.500000,-94.250000,180.000000,top
R928,10R,R_0603,87.500000,-87.250000,270.000000,top
R1001,1k,R_0603,78.500000,-178.000000,0.000000,top
R1002,0R,R_0603,78.750000,-163.999999,180.000000,top
R1003,DNP,R_0603,76.000000,-162.500000,180.000000,top
R1004,DNP,R_0603,76.000000,-164.000000,180.000000,top
R1101,100k,R_0603,67.250000,-165.250000,180.000000,top
R1102,23k,R_0603,64.500000,-163.750000,180.000000,top
R1103,23k,R_0603,64.500000,-165.250000,180.000000,top
R1201,1k,R_0603,172.000000,-229.950000,0.000000,top
R1202,10k,R_0603,172.200000,-227.150000,0.000000,top
R1203,49R9,R_0603,173.500000,-238.750000,180.000000,top
R1301,1k,R_0603,100.750000,-148.000000,0.000000,top
R1302,1k,R_0603,104.750000,-148.000000,180.000000,top
R1303,100k,R_0603,96.000000,-104.500000,270.000000,top
R1304,10R,R_0603,105.750000,-134.500000,90.000000,top
R1305,10k,R_0603,103.500000,-138.500000,180.000000,top
R1306,100k,R_0603,102.250000,-100.250000,180.000000,top
R1307,1k,R_0603,103.500000,-98.750000,180.000000,top
R1308,499R,R_0603,103.500000,-135.250000,180.000000,top
R1309,DNP,R_0603,108.750000,-87.250000,90.000000,top
R1310,49R9,R_0603,108.750000,-126.500000,90.000000,top
R1311,332R,R_0603,103.500000,-136.750000,180.000000,top
R1312,75R,R_0603,103.500000,-97.250000,0.000000,top
R1313,332R,R_0603,105.750000,-124.000000,90.000000,top
R1314,332R,R_0603,106.000000,-98.000000,90.000000,top
R1315,215R,R_0603,106.750000,-101.750000,180.000000,top
R1321,499R,R_0603,103.500000,-95.750000,180.000000,top
R1331,49R9,R_0603,105.750000,-84.250000,90.000000,top
R1401,1k,R_0603,119.000000,-144.500000,0.000000,top
R1402,1k,R_0603,119.000000,-142.000000,0.000000,top
R1403,10R,R_0603,128.000000,-134.500000,90.000000,top
R1404,10k,R_0603,125.500000,-139.750000,0.000000,top
R1405,69R8,R_0603,125.500000,-136.750000,0.000000,top
R1406,100k,R_0603,117.000000,-104.500000,270.000000,top
R1407,499R,R_0603,125.500000,-133.750000,180.000000,top
R1408,49R9,R_0603,130.750000,-126.500000,90.000000,top
R1409,49R9,R_0603,127.750000,-84.250000,90.000000,top
R1410,332R,R_0603,127.750000,-124.000000,90.000000,top
R1411,215R,R_0603,128.500000,-121.750000,180.000000,top
R1412,1k,R_0603,125.500000,-98.750000,180.000000,top
R1413,75R,R_0603,125.500000,-117.250000,180.000000,top
R1414,100k,R_0603,124.250000,-100.250000,180.000000,top
R1415,332R,R_0603,127.750000,-104.000000,90.000000,top
R1416,332R,R_0603,127.750000,-98.000000,90.000000,top
R1417,499R,R_0603,125.500000,-114.250000,180.000000,top
R1418,49R9,R_0603,130.750000,-107.000000,270.000000,top
R1419,332R,R_0603,127.750000,-118.000000,90.000000,top
R1420,215R,R_0603,128.500000,-101.750000,180.000000,top
R1423,75R,R_0603,125.500000,-97.250000,0.000000,top
R1427,499R,R_0603,125.500000,-94.250000,180.000000,top
R1428,10R,R_0603,130.500000,-87.250000,270.000000,top
R1501,1k,R_0603,121.500000,-177.250000,0.000000,top
R1502,0R,R_0603,121.750000,-163.999999,180.000000,top
R1503,DNP,R_0603,119.000000,-162.500000,180.000000,top
R1504,DNP,R_0603,119.000000,-164.000000,180.000000,top
R1601,100k,R_0603,110.250000,-165.250000,180.000000,top
R1602,23k,R_0603,107.500000,-163.750000,180.000000,top
R1603,23k,R_0603,107.500000,-165.250000,180.000000,top
R1701,1k,R_0603,176.300000,-229.950000,0.000000,top
R1702,10k,R_0603,176.300000,-227.150000,0.000000,top
R1703,49R9,R_0603,177.750000,-238.750000,180.000000,top
R1801,1k,R_0603,143.750000,-148.000000,0.000000,top
R1802,1k,R_0603,147.750000,-148.000000,180.000000,top
R1803,100k,R_0603,139.000000,-104.500000,270.000000,top
R1804,10R,R_0603,148.750000,-134.500000,90.000000,top
R1805,10k,R_0603,146.500000,-138.500000,180.000000,top
R1806,100k,R_0603,145.250000,-100.250000,180.000000,top
R1807,1k,R_0603,146.500000,-98.750000,180.000000,top
R1808,499R,R_0603,146.500000,-135.250000,180.000000,top
R1809,DNP,R_0603,151.750000,-87.250000,90.000000,top
R1810,49R9,R_0603,151.750000,-126.500000,90.000000,top
R1811,332R,R_0603,146.500000,-136.750000,180.000000,top
R1812,75R,R_0603,146.500000,-97.250000,0.000000,top
R1813,332R,R_0603,148.750000,-124.000000,90.000000,top
R1814,332R,R_0603,149.000000,-98.000000,90.000000,top
R1815,215R,R_0603,149.750000,-101.750000,180.000000,top
R1821,499R,R_0603,146.500000,-95.750000,180.000000,top
R1831,49R9,R_0603,148.750000,-84.250000,90.000000,top
R1901,1k,R_0603,162.000000,-144.500000,0.000000,top
R1902,1k,R_0603,162.000000,-142.000000,0.000000,top
R1903,10R,R_0603,171.000000,-134.500000,90.000000,top
R1904,10k,R_0603,168.500000,-139.750000,0.000000,top
R1905,69R8,R_0603,168.500000,-136.750000,0.000000,top
R1906,100k,R_0603,160.000000,-104.500000,270.000000,top
R1907,499R,R_0603,168.500000,-133.750000,180.000000,top
R1908,49R9,R_0603,173.750000,-126.500000,90.000000,top
R1909,49R9,R_0603,170.750000,-84.250000,90.000000,top
R1910,332R,R_0603,170.750000,-124.000000,90.000000,top
R1911,215R,R_0603,171.500000,-121.750000,180.000000,top
R1912,1k,R_0603,168.500000,-98.750000,180.000000,top
R1913,75R,R_0603,168.500000,-117.250000,180.000000,top
R1914,100k,R_0603,167.250000,-100.250000,180.000000,top
R1915,332R,R_0603,170.750000,-104.000000,90.000000,top
R1916,332R,R_0603,170.750000,-98.000000,90.000000,top
R1917,499R,R_0603,168.500000,-114.250000,180.000000,top
R1918,49R9,R_0603,173.750000,-107.000000,270.000000,top
R1919,332R,R_0603,170.750000,-118.000000,90.000000,top
R1920,215R,R_0603,171.500000,-101.750000,180.000000,top
R1923,75R,R_0603,168.500000,-97.250000,0.000000,top
R1927,499R,R_0603,168.500000,-94.250000,180.000000,top
R1928,10R,R_0603,173.500000,-87.250000,270.000000,top
R2001,1k,R_0603,164.500000,-176.750000,0.000000,top
R2002,0R,R_0603,164.750000,-163.999999,180.000000,top
R2003,DNP,R_0603,162.000000,-162.500000,180.000000,top
R2004,DNP,R_0603,162.000000,-164.000000,180.000000,top
R2101,100k,R_0603,153.250000,-165.250000,180.000000,top
R2102,23k,R_0603,150.500000,-163.750000,180.000000,top
R2103,23k,R_0603,150.500000,-165.250000,180.000000,top
R2201,1k,R_0603,180.300000,-229.950000,0.000000,top
R2202,10k,R_0603,180.300000,-227.250000,0.000000,top
R2203,49R9,R_0603,181.750000,-238.750000,180.000000,top
R2301,1k,R_0603,186.750000,-148.000000,0.000000,top
R2302,1k,R_0603,190.750000,-148.000000,180.000000,top
R2303,100k,R_0603,182.000000,-104.500000,270.000000,top
R2304,10R,R_0603,191.750000,-134.500000,90.000000,top
R2305,10k,R_0603,189.500000,-138.500000,180.000000,top
R2306,100k,R_0603,188.250000,-100.250000,180.000000,top
R2307,1k,R_0603,189.500000,-98.750000,180.000000,top
R2308,499R,R_0603,189.500000,-135.250000,180.000000,top
R2309,DNP,R_0603,194.750000,-87.250000,90.000000,top
R2310,49R9,R_0603,194.750000,-126.500000,90.000000,top
R2311,332R,R_0603,189.500000,-136.750000,180.000000,top
R2312,75R,R_0603,189.500000,-97.250000,0.000000,top
R2313,332R,R_0603,191.750000,-124.000000,90.000000,top
R2314,332R,R_0603,192.000000,-98.000000,90.000000,top
R2315,215R,R_0603,192.750000,-101.750000,180.000000,top
R2321,499R,R_0603,189.500000,-95.750000,180.000000,top
R2331,49R9,R_0603,191.750000,-84.250000,90.000000,top
R2401,1k,R_0603,205.000000,-144.500000,0.000000,top
R2402,1k,R_0603,205.000000,-142.000000,0.000000,top
R2403,10R,R_0603,214.000000,-134.500000,90.000000,top
R2404,10k,R_0603,211.500000,-139.750000,0.000000,top
R2405,69R8,R_0603,211.500000,-136.750000,0.000000,top
R2406,100k,R_0603,203.000000,-104.500000,270.000000,top
R2407,499R,R_0603,211.500000,-133.750000,180.000000,top
R2408,49R9,R_0603,216.750000,-126.500000,90.000000,top
R2409,49R9,R_0603,213.750000,-84.250000,90.000000,top
R2410,332R,R_0603,213.750000,-124.000000,90.000000,top
R2411,215R,R_0603,214.500000,-121.750000,180.000000,top
R2412,1k,R_0603,211.500000,-98.750000,180.000000,top
R2413,75R,R_0603,211.500000,-117.250000,180.000000,top
R2414,100k,R_0603,210.250000,-100.250000,180.000000,top
R2415,332R,R_0603,213.750000,-104.000000,90.000000,top
R2416,332R,R_0603,213.750000,-98.000000,90.000000,top
R2417,499R,R_0603,211.500000,-114.250000,180.000000,top
R2418,49R9,R_0603,216.750000,-107.000000,270.000000,top
R2419,332R,R_0603,213.750000,-118.000000,90.000000,top
R2420,215R,R_0603,214.500000,-101.750000,180.000000,top
R2423,75R,R_0603,211.500000,-97.250000,0.000000,top
R2427,499R,R_0603,211.500000,-94.250000,180.000000,top
R2428,10R,R_0603,216.500000,-87.250000,270.000000,top
R2501,0R,R_0603,207.750000,-164.000000,180.000000,top
R2502,DNP,R_0603,205.000000,-162.500000,180.000000,top
R2503,DNP,R_0603,205.000000,-164.000000,180.000000,top
R2601,100k,R_0603,196.250000,-165.250000,180.000000,top
R2602,23k,R_0603,193.500000,-163.750000,180.000000,top
R2603,23k,R_0603,193.500000,-165.250000,180.000000,top
R2701,1k,R_0603,184.500000,-229.950000,0.000000,top
R2702,10k,R_0603,184.700000,-227.200000,0.000000,top
R2703,49R9,R_0603,186.000000,-238.750000,180.000000,top
R2801,1k,R_0603,229.750000,-148.000000,0.000000,top
R2802,1k,R_0603,233.750000,-148.000000,180.000000,top
R2803,100k,R_0603,225.000000,-104.500000,270.000000,top
R2804,10R,R_0603,234.750000,-134.500000,90.000000,top
R2805,10k,R_0603,232.500000,-138.500000,180.000000,top
R2806,100k,R_0603,231.250000,-100.250000,180.000000,top
R2807,1k,R_0603,232.500000,-98.750000,180.000000,top
R2808,499R,R_0603,232.500000,-135.250000,180.000000,top
R2809,DNP,R_0603,237.750000,-87.250000,90.000000,top
R2810,49R9,R_0603,237.750000,-126.500000,90.000000,top
R2811,332R,R_0603,232.500000,-136.750000,180.000000,top
R2812,75R,R_0603,232.500000,-97.250000,0.000000,top
R2813,332R,R_0603,234.750000,-124.000000,90.000000,top
R2814,332R,R_0603,235.000000,-98.000000,90.000000,top
R2815,215R,R_0603,235.750000,-101.750000,180.000000,top
R2821,499R,R_0603,232.500000,-95.750000,180.000000,top
R2831,49R9,R_0603,234.750000,-84.250000,90.000000,top
R2901,1k,R_0603,248.000000,-144.500000,0.000000,top
R2902,1k,R_0603,248.000000,-142.000000,0.000000,top
R2903,10R,R_0603,257.000000,-134.500000,90.000000,top
R2904,10k,R_0603,254.500000,-139.750000,0.000000,top
R2905,69R8,R_0603,254.500000,-136.750000,0.000000,top
R2906,100k,R_0603,246.000000,-104.500000,270.000000,top
R2907,499R,R_0603,254.500000,-133.750000,180.000000,top
R2908,49R9,R_0603,259.750000,-126.500000,90.000000,top
R2909,49R9,R_0603,256.750000,-84.250000,90.000000,top
R2910,332R,R_0603,256.750000,-124.000000,90.000000,top
R2911,215R,R_0603,257.500000,-121.750000,180.000000,top
R2912,1k,R_0603,254.500000,-98.750000,180.000000,top
R2913,75R,R_0603,254.500000,-117.250000,180.000000,top
R2914,100k,R_0603,253.250000,-100.250000,180.000000,top
R2915,332R,R_0603,256.750000,-104.000000,90.000000,top
R2916,332R,R_0603,256.750000,-98.000000,90.000000,top
R2917,499R,R_0603,254.500000,-114.250000,180.000000,top
R2918,49R9,R_0603,259.750000,-107.000000,270.000000,top
R2919,332R,R_0603,256.750000,-118.000000,90.000000,top
R2920,215R,R_0603,257.500000,-101.750000,180.000000,top
R2923,75R,R_0603,254.500000,-97.250000,0.000000,top
R2927,499R,R_0603,254.500000,-94.250000,180.000000,top
R2928,10R,R_0603,259.500000,-87.250000,270.000000,top
R3001,1k,R_0603,250.500000,-174.750000,0.000000,top
R3002,0R,R_0603,250.750000,-163.999999,180.000000,top
R3003,DNP,R_0603,248.000000,-162.500000,180.000000,top
R3004,DNP,R_0603,248.000000,-164.000000,180.000000,top
R3101,100k,R_0603,239.250000,-165.250000,180.000000,top
R3102,23k,R_0603,236.500000,-163.750000,180.000000,top
R3103,23k,R_0603,236.500000,-165.250000,180.000000,top
R3201,1k,R_0603,188.800000,-229.950000,0.000000,top
R3202,10k,R_0603,188.950000,-227.150000,0.000000,top
R3203,49R9,R_0603,190.250000,-238.750000,180.000000,top
R3301,1k,R_0603,272.750000,-148.000000,0.000000,top
R3302,1k,R_0603,276.750000,-148.000000,180.000000,top
R3303,100k,R_0603,268.000000,-104.500000,270.000000,top
R3304,10R,R_0603,277.750000,-134.500000,90.000000,top
R3305,10k,R_0603,275.500000,-138.500000,180.000000,top
R3306,100k,R_0603,274.250000,-100.250000,180.000000,top
R3307,1k,R_0603,275.500000,-98.750000,180.000000,top
R3308,499R,R_0603,275.500000,-135.250000,180.000000,top
R3309,DNP,R_0603,280.750000,-87.250000,90.000000,top
R3310,49R9,R_0603,280.750000,-126.500000,90.000000,top
R3311,332R,R_0603,275.500000,-136.750000,180.000000,top
R3312,75R,R_0603,275.500000,-97.250000,0.000000,top
R3313,332R,R_0603,277.750000,-124.000000,90.000000,top
R3314,332R,R_0603,278.000000,-98.000000,90.000000,top
R3315,215R,R_0603,278.750000,-101.750000,180.000000,top
R3321,499R,R_0603,275.500000,-95.750000,180.000000,top
R3331,49R9,R_0603,277.750000,-84.250000,90.000000,top
R3401,1k,R_0603,291.000000,-144.500000,0.000000,top
R3402,1k,R_0603,291.000000,-142.000000,0.000000,top
R3403,10R,R_0603,300.000000,-134.500000,90.000000,top
R3404,10k,R_0603,297.500000,-139.750000,0.000000,top
R3405,69R8,R_0603,297.500000,-136.750000,0.000000,top
R3406,100k,R_0603,289.000000,-104.500000,270.000000,top
R3407,499R,R_0603,297.500000,-133.750000,180.000000,top
R3408,49R9,R_0603,302.750000,-126.500000,90.000000,top
R3409,49R9,R_0603,299.750000,-84.250000,90.000000,top
R3410,332R,R_0603,299.750000,-124.000000,90.000000,top
R3411,215R,R_0603,300.500000,-121.750000,180.000000,top
R3412,1k,R_0603,297.500000,-98.750000,180.000000,top
R3413,75R,R_0603,297.500000,-117.250000,180.000000,top
R3414,100k,R_0603,296.250000,-100.250000,180.000000,top
R3415,332R,R_0603,299.750000,-104.000000,90.000000,top
R3416,332R,R_0603,299.750000,-98.000000,90.000000,top
R3417,499R,R_0603,297.500000,-114.250000,180.000000,top
R3418,49R9,R_0603,302.750000,-107.000000,270.000000,top
R3419,332R,R_0603,299.750000,-118.000000,90.000000,top
R3420,215R,R_0603,300.500000,-101.750000,180.000000,top
R3423,75R,R_0603,297.500000,-97.250000,0.000000,top
R3427,499R,R_0603,297.500000,-94.250000,180.000000,top
R3428,10R,R_0603,302.500000,-87.250000,270.000000,top
R3501,1k,R_0603,293.500000,-175.000000,0.000000,top
R3502,0R,R_0603,293.750000,-163.999999,180.000000,top
R3503,DNP,R_0603,291.000000,-162.500000,180.000000,top
R3504,DNP,R_0603,291.000000,-164.000000,180.000000,top
R3601,100k,R_0603,282.250000,-165.250000,180.000000,top
R3602,23k,R_0603,279.500000,-163.750000,180.000000,top
R3603,23k,R_0603,279.500000,-165.250000,180.000000,top
R3701,1k,R_0603,193.100000,-229.950000,0.000000,top
R3702,10k,R_0603,193.300000,-227.150000,0.000000,top
R3703,49R9,R_0603,194.500000,-238.750000,180.000000,top
R3801,1k,R_0603,315.750000,-148.000000,0.000000,top
R3802,1k,R_0603,319.750000,-148.000000,180.000000,top
R3803,100k,R_0603,311.000000,-104.500000,270.000000,top
R3804,10R,R_0603,320.750000,-134.500000,90.000000,top
R3805,10k,R_0603,318.500000,-138.500000,180.000000,top
R3806,100k,R_0603,317.250000,-100.250000,180.000000,top
R3807,1k,R_0603,318.500000,-98.750000,180.000000,top
R3808,499R,R_0603,318.500000,-135.250000,180.000000,top
R3809,DNP,R_0603,323.750000,-87.250000,90.000000,top
R3810,49R9,R_0603,323.750000,-126.500000,90.000000,top
R3811,332R,R_0603,318.500000,-136.750000,180.000000,top
R3812,75R,R_0603,318.500000,-97.250000,0.000000,top
R3813,332R,R_0603,320.750000,-124.000000,90.000000,top
R3814,332R,R_0603,321.000000,-98.000000,90.000000,top
R3815,215R,R_0603,321.750000,-101.750000,180.000000,top
R3821,499R,R_0603,318.500000,-95.750000,180.000000,top
R3831,49R9,R_0603,320.750000,-84.250000,90.000000,top
R3836,1k,R_0603,207.500000,-176.250000,0.000000,top
R3901,1k,R_0603,334.000000,-144.500000,0.000000,top
R3902,1k,R_0603,334.000000,-142.000000,0.000000,top
R3903,10R,R_0603,343.000000,-134.500000,90.000000,top
R3904,10k,R_0603,340.500000,-139.750000,0.000000,top
R3905,69R8,R_0603,340.500000,-136.750000,0.000000,top
R3906,100k,R_0603,332.000000,-104.500000,270.000000,top
R3907,499R,R_0603,340.500000,-133.750000,180.000000,top
R3908,49R9,R_0603,345.750000,-126.500000,90.000000,top
R3909,49R9,R_0603,342.750000,-84.250000,90.000000,top
R3910,332R,R_0603,342.750000,-124.000000,90.000000,top
R3911,215R,R_0603,343.500000,-121.750000,180.000000,top
R3912,1k,R_0603,340.500000,-98.750000,180.000000,top
R3913,75R,R_0603,340.500000,-117.250000,180.000000,top
R3914,100k,R_0603,339.250000,-100.250000,180.000000,top
R3915,332R,R_0603,342.750000,-104.000000,90.000000,top
R3916,332R,R_0603,342.750000,-98.000000,90.000000,top
R3917,499R,R_0603,340.500000,-114.250000,180.000000,top
R3918,49R9,R_0603,345.750000,-107.000000,270.000000,top
R3919,332R,R_0603,342.750000,-118.000000,90.000000,top
R3920,215R,R_0603,343.500000,-101.750000,180.000000,top
R3923,75R,R_0603,340.500000,-97.250000,0.000000,top
R3927,499R,R_0603,340.500000,-94.250000,180.000000,top
R3928,10R,R_0603,345.500000,-87.250000,270.000000,top
R4001,1k,R_0603,336.500000,-175.000000,0.000000,top
R4002,0R,R_0603,336.750000,-163.999999,180.000000,top
R4003,DNP,R_0603,334.000000,-162.500000,180.000000,top
R4004,DNP,R_0603,334.000000,-164.000000,180.000000,top
R4101,100k,R_0603,325.250000,-165.250000,180.000000,top
R4102,23k,R_0603,322.500000,-163.750000,180.000000,top
R4103,23k,R_0603,322.500000,-165.250000,180.000000,top
R4201,2R,R_0603,267.500000,-224.000000,0.000000,top
R4202,2R,R_0603,252.760004,-204.663477,0.000000,top
R4203,0R020,R_2512,299.300000,-232.000000,180.000000,top
R4204,0R020,R_2512,288.750000,-210.500000,180.000000,top
R4205,100R,R_0603,287.000000,-205.750000,270.000000,top
R4206,100R,R_0603,290.500000,-205.750000,270.000000,top
R4207,100R,R_0603,297.250000,-228.250000,270.000000,top
R4208,100R,R_0603,307.750000,-228.250000,270.000000,top
R4209,4k99,R_0603,319.750000,-212.000000,90.000000,top
R4210,4k99,R_0603,315.250000,-218.500000,270.000000,top
R4401,10k,R_0603,60.000000,-240.000000,180.000000,top
R4402,10k,R_0603,60.000000,-238.250000,180.000000,top
R4403,10k,R_0603,60.000000,-236.500000,180.000000,top
R4404,10k,R_0603,60.000000,-234.750000,180.000000,top
R4405,150R,R_0603,60.000000,-233.000000,0.000000,top
R4406,150R,R_0603,60.000000,-231.250000,0.000000,top
R4407,150R,R_0603,60.000000,-229.500000,0.000000,top
R4408,150R,R_0603,60.000000,-227.750000,0.000000,top
R4409,10k,R_0603,194.250000,-209.250000,90.000000,top
R4410,10k,R_0603,190.000000,-209.250000,90.000000,top
R4411,10k,R_0603,185.750000,-209.250000,90.000000,top
R4412,10k,R_0603,181.500000,-209.250000,90.000000,top
R4413,10k,R_0603,177.500000,-209.250000,90.000000,top
R4414,10k,R_0603,173.250000,-209.250000,90.000000,top
R4415,10k,R_0603,169.250000,-209.250000,90.000000,top
R4416,10k,R_0603,165.000000,-209.250000,90.000000,top
R4417,1k,R_0603,49.500000,-211.000000,270.000000,top
R4418,1k,R_0603,41.000000,-210.250000,270.000000,top
R4419,DNP,R_0603,90.900000,-222.000000,270.000000,top
R4420,1k,R_0603,27.200000,-230.300000,270.000000,top
R4421,1k,R_0603,27.200000,-227.400000,270.000000,top
R4422,1k,R_0603,27.200000,-224.600000,90.000000,top
R4423,DNP,R_0603,93.700000,-222.800000,270.000000,top
R4501,470R,R_0603,188.130000,-180.708480,270.000000,top
R4502,100k,R_0603,184.530000,-180.708480,270.000000,top
R4503,100R,R_0603,182.830000,-180.708480,90.000000,top
R4504,100R,R_0603,186.330000,-180.708480,270.000000,top
RV301,2k,Potentiometer_Trimmer_Bourns_3224W,16.750000,-144.250000,180.000000,top
RV401,2k,Potentiometer_Trimmer_Bourns_3224W,37.250000,-143.250000,90.000000,top
RV801,2k,Potentiometer_Trimmer_Bourns_3224W,59.750000,-144.250000,180.000000,top
RV901,2k,Potentiometer_Trimmer_Bourns_3224W,80.250000,-143.250000,90.000000,top
RV1301,2k,Potentiometer_Trimmer_Bourns_3224W,102.750000,-144.250000,180.000000,top
RV1401,2k,Potentiometer_Trimmer_Bourns_3224W,123.250000,-143.250000,90.000000,top
RV1801,2k,Potentiometer_Trimmer_Bourns_3224W,145.750000,-144.250000,180.000000,top
RV1901,2k,Potentiometer_Trimmer_Bourns_3224W,166.250000,-143.250000,90.000000,top
RV2301,2k,Potentiometer_Trimmer_Bourns_3224W,188.750000,-144.250000,180.000000,top
RV2401,2k,Potentiometer_Trimmer_Bourns_3224W,209.250000,-143.250000,90.000000,top
RV2801,2k,Potentiometer_Trimmer_Bourns_3224W,231.750000,-144.250000,180.000000,top
RV2901,2k,Potentiometer_Trimmer_Bourns_3224W,252.250000,-143.250000,90.000000,top
RV3301,2k,Potentiometer_Trimmer_Bourns_3224W,274.750000,-144.250000,180.000000,top
RV3401,2k,Potentiometer_Trimmer_Bourns_3224W,295.250000,-143.250000,90.000000,top
RV3801,2k,Potentiometer_Trimmer_Bourns_3224W,317.750000,-144.250000,180.000000,top
RV3901,2k,Potentiometer_Trimmer_Bourns_3224W,338.250000,-143.250000,90.000000,top
S4401,SW_DIP_x3,DIP6-CTS,35.900000,-227.300000,180.000000,top
U301,AD8099ARDZ,SOIC-8-1EP_3.9x4.9mm_Pitch1.27mm,19.000000,-129.250000,90.000000,top
U302,AD8099ARDZ,SOIC-8-1EP_3.9x4.9mm_Pitch1.27mm,19.000000,-89.750000,90.000000,top
U303,LTC2057IMS,MSOP-8_3x3mm_Pitch0.65mm,11.250000,-99.500000,90.000000,top
U401,AD8099ARDZ,SOIC-8-1EP_3.9x4.9mm_Pitch1.27mm,41.000000,-129.250000,90.000000,top
U402,AD8099ARDZ,SOIC-8-1EP_3.9x4.9mm_Pitch1.27mm,41.000000,-109.750000,90.000000,top
U403,AD8099ARDZ,SOIC-8-1EP_3.9x4.9mm_Pitch1.27mm,40.850000,-89.750000,90.000000,top
U404,LTC2057IMS,MSOP-8_3x3mm_Pitch0.65mm,32.000000,-99.500000,90.000000,top
U501,ADP7118ACP,DFN-6-1EP_2x2mm_Pitch0.65mm,35.750000,-166.750000,270.000000,top
U601,ADP7182ACPZN,DFN-6-1EP_2x2mm_Pitch0.65mm,24.500000,-168.000000,270.000000,top
U801,AD8099ARDZ,SOIC-8-1EP_3.9x4.9mm_Pitch1.27mm,62.000000,-129.250000,90.000000,top
U802,AD8099ARDZ,SOIC-8-1EP_3.9x4.9mm_Pitch1.27mm,62.000000,-89.750000,90.000000,top
U803,LTC2057IMS,MSOP-8_3x3mm_Pitch0.65mm,54.250000,-99.500000,90.000000,top
U901,AD8099ARDZ,SOIC-8-1EP_3.9x4.9mm_Pitch1.27mm,84.000000,-129.250000,90.000000,top
U902,AD8099ARDZ,SOIC-8-1EP_3.9x4.9mm_Pitch1.27mm,84.000000,-109.750000,90.000000,top
U903,AD8099ARDZ,SOIC-8-1EP_3.9x4.9mm_Pitch1.27mm,83.850000,-89.750000,90.000000,top
U904,LTC2057IMS,MSOP-8_3x3mm_Pitch0.65mm,75.000000,-99.500000,90.000000,top
U1001,ADP7118ACP,DFN-6-1EP_2x2mm_Pitch0.65mm,78.750000,-166.750000,270.000000,top
U1101,ADP7182ACPZN,DFN-6-1EP_2x2mm_Pitch0.65mm,67.500000,-168.000000,270.000000,top
U1301,AD8099ARDZ,SOIC-8-1EP_3.9x4.9mm_Pitch1.27mm,105.000000,-129.250000,90.000000,top
U1302,AD8099ARDZ,SOIC-8-1EP_3.9x4.9mm_Pitch1.27mm,105.000000,-89.750000,90.000000,top
U1303,LTC2057IMS,MSOP-8_3x3mm_Pitch0.65mm,97.250000,-99.500000,90.000000,top
U1401,AD8099ARDZ,SOIC-8-1EP_3.9x4.9mm_Pitch1.27mm,127.000000,-129.250000,90.000000,top
U1402,AD8099ARDZ,SOIC-8-1EP_3.9x4.9mm_Pitch1.27mm,127.000000,-109.750000,90.000000,top
U1403,AD8099ARDZ,SOIC-8-1EP_3.9x4.9mm_Pitch1.27mm,126.850000,-89.750000,90.000000,top
U1404,LTC2057IMS,MSOP-8_3x3mm_Pitch0.65mm,118.000000,-99.500000,90.000000,top
U1501,ADP7118ACP,DFN-6-1EP_2x2mm_Pitch0.65mm,121.750000,-166.750000,270.000000,top
U1601,ADP7182ACPZN,DFN-6-1EP_2x2mm_Pitch0.65mm,110.500000,-168.000000,270.000000,top
U1801,AD8099ARDZ,SOIC-8-1EP_3.9x4.9mm_Pitch1.27mm,148.000000,-129.250000,90.000000,top
U1802,AD8099ARDZ,SOIC-8-1EP_3.9x4.9mm_Pitch1.27mm,148.000000,-89.750000,90.000000,top
U1803,LTC2057IMS,MSOP-8_3x3mm_Pitch0.65mm,140.250000,-99.500000,90.000000,top
U1901,AD8099ARDZ,SOIC-8-1EP_3.9x4.9mm_Pitch1.27mm,170.000000,-129.250000,90.000000,top
U1902,AD8099ARDZ,SOIC-8-1EP_3.9x4.9mm_Pitch1.27mm,170.000000,-109.750000,90.000000,top
U1903,AD8099ARDZ,SOIC-8-1EP_3.9x4.9mm_Pitch1.27mm,169.850000,-89.750000,90.000000,top
U1904,LTC2057IMS,MSOP-8_3x3mm_Pitch0.65mm,161.000000,-99.500000,90.000000,top
U2001,ADP7118ACP,DFN-6-1EP_2x2mm_Pitch0.65mm,164.750000,-166.750000,270.000000,top
U2101,ADP7182ACPZN,DFN-6-1EP_2x2mm_Pitch0.65mm,153.500000,-168.000000,270.000000,top
U2301,AD8099ARDZ,SOIC-8-1EP_3.9x4.9mm_Pitch1.27mm,191.000000,-129.250000,90.000000,top
U2302,AD8099ARDZ,SOIC-8-1EP_3.9x4.9mm_Pitch1.27mm,191.000000,-89.750000,90.000000,top
U2303,LTC2057IMS,MSOP-8_3x3mm_Pitch0.65mm,183.250000,-99.500000,90.000000,top
U2401,AD8099ARDZ,SOIC-8-1EP_3.9x4.9mm_Pitch1.27mm,213.000000,-129.250000,90.000000,top
U2402,AD8099ARDZ,SOIC-8-1EP_3.9x4.9mm_Pitch1.27mm,213.000000,-109.750000,90.000000,top
U2403,AD8099ARDZ,SOIC-8-1EP_3.9x4.9mm_Pitch1.27mm,212.850000,-89.750000,90.000000,top
U2404,LTC2057IMS,MSOP-8_3x3mm_Pitch0.65mm,204.000000,-99.500000,90.000000,top
U2501,ADP7118ACP,DFN-6-1EP_2x2mm_Pitch0.65mm,207.750000,-166.750000,270.000000,top
U2601,ADP7182ACPZN,DFN-6-1EP_2x2mm_Pitch0.65mm,196.500000,-168.000000,270.000000,top
U2801,AD8099ARDZ,SOIC-8-1EP_3.9x4.9mm_Pitch1.27mm,234.000000,-129.250000,90.000000,top
U2802,AD8099ARDZ,SOIC-8-1EP_3.9x4.9mm_Pitch1.27mm,234.000000,-89.750000,90.000000,top
U2803,LTC2057IMS,MSOP-8_3x3mm_Pitch0.65mm,226.250000,-99.500000,90.000000,top
U2901,AD8099ARDZ,SOIC-8-1EP_3.9x4.9mm_Pitch1.27mm,256.000000,-129.250000,90.000000,top
U2902,AD8099ARDZ,SOIC-8-1EP_3.9x4.9mm_Pitch1.27mm,256.000000,-109.750000,90.000000,top
U2903,AD8099ARDZ,SOIC-8-1EP_3.9x4.9mm_Pitch1.27mm,255.850000,-89.750000,90.000000,top
U2904,LTC2057IMS,MSOP-8_3x3mm_Pitch0.65mm,247.000000,-99.500000,90.000000,top
U3001,ADP7118ACP,DFN-6-1EP_2x2mm_Pitch0.65mm,250.750000,-166.750000,270.000000,top
U3101,ADP7182ACPZN,DFN-6-1EP_2x2mm_Pitch0.65mm,239.500000,-168.000000,270.000000,top
U3301,AD8099ARDZ,SOIC-8-1EP_3.9x4.9mm_Pitch1.27mm,277.000000,-129.250000,90.000000,top
U3302,AD8099ARDZ,SOIC-8-1EP_3.9x4.9mm_Pitch1.27mm,277.000000,-89.750000,90.000000,top
U3303,LTC2057IMS,MSOP-8_3x3mm_Pitch0.65mm,269.250000,-99.500000,90.000000,top
U3401,AD8099ARDZ,SOIC-8-1EP_3.9x4.9mm_Pitch1.27mm,299.000000,-129.250000,90.000000,top
U3402,AD8099ARDZ,SOIC-8-1EP_3.9x4.9mm_Pitch1.27mm,299.000000,-109.750000,90.000000,top
U3403,AD8099ARDZ,SOIC-8-1EP_3.9x4.9mm_Pitch1.27mm,298.850000,-89.750000,90.000000,top
U3404,LTC2057IMS,MSOP-8_3x3mm_Pitch0.65mm,290.000000,-99.500000,90.000000,top
U3501,ADP7118ACP,DFN-6-1EP_2x2mm_Pitch0.65mm,293.750000,-166.750000,270.000000,top
U3601,ADP7182ACPZN,DFN-6-1EP_2x2mm_Pitch0.65mm,282.500000,-168.000000,270.000000,top
U3801,AD8099ARDZ,SOIC-8-1EP_3.9x4.9mm_Pitch1.27mm,320.000000,-129.250000,90.000000,top
U3802,AD8099ARDZ,SOIC-8-1EP_3.9x4.9mm_Pitch1.27mm,320.000000,-89.750000,90.000000,top
U3803,LTC2057IMS,MSOP-8_3x3mm_Pitch0.65mm,312.250000,-99.500000,90.000000,top
U3901,AD8099ARDZ,SOIC-8-1EP_3.9x4.9mm_Pitch1.27mm,342.000000,-129.250000,90.000000,top
U3902,AD8099ARDZ,SOIC-8-1EP_3.9x4.9mm_Pitch1.27mm,342.000000,-109.750000,90.000000,top
U3903,AD8099ARDZ,SOIC-8-1EP_3.9x4.9mm_Pitch1.27mm,341.850000,-89.750000,90.000000,top
U3904,LTC2057IMS,MSOP-8_3x3mm_Pitch0.65mm,333.000000,-99.500000,90.000000,top
U4001,ADP7118ACP,DFN-6-1EP_2x2mm_Pitch0.65mm,336.750000,-166.750000,270.000000,top
U4101,ADP7182ACPZN,DFN-6-1EP_2x2mm_Pitch0.65mm,325.500000,-168.000000,270.000000,top
U4201,LT6105,MSOP-8_3x3mm_Pitch0.65mm,317.500000,-208.500000,0.000000,top
U4202,LT6105,MSOP-8_3x3mm_Pitch0.65mm,317.500000,-222.000000,180.000000,top
U4401,TMP20,SC-70-5,129.150000,-167.000000,0.000000,top
U4402,TMP20,SC-70-5,174.300000,-137.800000,0.000000,top
U4403,TMP20,SC-70-5,280.800000,-220.250000,180.000000,top
U4404,TMP20,SC-70-5,23.800000,-209.850000,0.000000,top
U4405,LTC2495,QFN-38-1EP_5x7mm_Pitch0.5mm,46.100000,-227.250000,90.000000,top
U4406,LTC6078_[MSOP-8],MSOP-8_3x3mm_Pitch0.65mm,45.250000,-209.500000,180.000000,top
U4408,DS4520,TSSOP-16_4.4x5mm_Pitch0.65mm,23.250000,-227.250000,270.000000,top
